keyword,isActive,channel,createdAt,updatedAt
french press coffee maker,true,amazon,2025-04-10T15:17:27.997Z,2025-04-10T15:17:27.997Z
vahdam iced tea,true,amazon,2025-04-10T15:17:27.992Z,2025-04-10T15:17:27.992Z
chamomile tea,true,amazon,2025-04-10T15:17:27.959Z,2025-04-10T15:17:27.959Z
green tea bags 100 pcs,true,amazon,2025-04-10T15:17:27.957Z,2025-04-10T15:17:27.957Z
spearmint tea,true,amazon,2025-04-10T15:17:27.950Z,2025-04-10T15:17:27.950Z
green tea leaves,true,amazon,2025-04-10T15:17:27.948Z,2025-04-10T15:17:27.948Z
matcha tea,true,amazon,2025-04-10T15:17:27.947Z,2025-04-10T15:17:27.947Z
herbal tea,true,amazon,2025-04-10T15:17:27.939Z,2025-04-10T15:17:27.939Z
tea,true,amazon,2025-04-10T15:17:27.936Z,2025-04-10T15:17:27.936Z
tea powder,true,amazon,2025-04-10T15:17:27.934Z,2025-04-10T15:17:27.934Z
green tea,true,amazon,2025-04-10T15:17:27.932Z,2025-04-10T15:17:27.932Z
hibiscus tea,true,amazon,2025-04-10T15:17:27.930Z,2025-04-10T15:17:27.930Z
tea bags,true,amazon,2025-04-10T15:17:27.928Z,2025-04-10T15:17:27.928Z
matcha green tea,true,amazon,2025-04-10T15:17:27.926Z,2025-04-10T15:17:27.926Z
tea bags 100 pieces,true,amazon,2025-04-10T15:17:27.924Z,2025-04-10T15:17:27.924Z
chamomile tea bags,true,amazon,2025-04-10T15:17:27.920Z,2025-04-10T15:17:27.920Z
green tea bags,true,amazon,2025-04-10T15:17:27.918Z,2025-04-10T15:17:27.918Z
darjeeling tea,true,amazon,2025-04-10T15:17:27.916Z,2025-04-10T15:17:27.916Z
tea 250gm,true,amazon,2025-04-10T15:17:27.914Z,2025-04-10T15:17:27.914Z
lemon tea,true,amazon,2025-04-10T15:17:27.913Z,2025-04-10T15:17:27.913Z
organic spices,true,amazon,2025-04-10T15:17:27.911Z,2025-04-10T15:17:27.911Z
black tea,true,amazon,2025-04-10T15:17:27.909Z,2025-04-10T15:17:27.909Z
black tea bags,true,amazon,2025-04-10T15:17:27.907Z,2025-04-10T15:17:27.907Z
matcha tea powder,true,amazon,2025-04-10T15:17:27.906Z,2025-04-10T15:17:27.906Z
turmeric latte,true,amazon,2025-04-10T15:17:27.903Z,2025-04-10T15:17:27.903Z
turmeric powder organic,true,amazon,2025-04-10T15:17:27.901Z,2025-04-10T15:17:27.901Z
turmeric tea,true,amazon,2025-04-10T15:17:27.898Z,2025-04-10T15:17:27.898Z
turmeric tea bags,true,amazon,2025-04-10T15:17:27.894Z,2025-04-10T15:17:27.894Z
spiced tea,true,amazon,2025-04-10T15:17:27.891Z,2025-04-10T15:17:27.891Z
turmeric spiced herbal tea,true,amazon,2025-04-10T15:17:27.887Z,2025-04-10T15:17:27.887Z
turmeric latte golden milk,true,amazon,2025-04-10T15:17:27.885Z,2025-04-10T15:17:27.885Z
turmeric latte powder,true,amazon,2025-04-10T15:17:27.884Z,2025-04-10T15:17:27.884Z
tumeric latte,true,amazon,2025-04-10T15:17:27.882Z,2025-04-10T15:17:27.882Z
iced tea bags,true,amazon,2025-04-10T15:17:27.880Z,2025-04-10T15:17:27.880Z
flavored coffee k cups,true,amazon,2025-04-10T15:17:27.877Z,2025-04-10T15:17:27.877Z
unisex perfume,true,amazon,2025-04-10T15:17:27.875Z,2025-04-10T15:17:27.875Z
turmeric spiced tea,true,amazon,2025-04-10T15:17:27.873Z,2025-04-10T15:17:27.873Z
spiced black tea,true,amazon,2025-04-10T15:17:27.869Z,2025-04-10T15:17:27.869Z
hibiscus iced tea,true,amazon,2025-04-10T15:17:27.866Z,2025-04-10T15:17:27.866Z
matcha powder,true,amazon,2025-04-10T15:17:27.864Z,2025-04-10T15:17:27.864Z
burr coffee grinder,true,amazon,2025-04-10T15:17:27.862Z,2025-04-10T15:17:27.862Z
coffee grinder,true,amazon,2025-04-10T15:17:27.860Z,2025-04-10T15:17:27.860Z
keurig cup,true,amazon,2025-04-10T15:17:27.844Z,2025-04-10T15:17:27.844Z
perfume for women,true,amazon,2025-04-10T15:17:27.840Z,2025-04-10T15:17:27.840Z
cologne for men,true,amazon,2025-04-10T15:17:27.837Z,2025-04-10T15:17:27.837Z
craft brush set,true,amazon,2025-04-10T15:17:27.834Z,2025-04-10T15:17:27.834Z
flavored coffee pods,true,amazon,2025-04-10T15:17:27.832Z,2025-04-10T15:17:27.832Z
k cup,true,amazon,2025-04-10T15:17:27.831Z,2025-04-10T15:17:27.831Z
coffee pods,true,amazon,2025-04-10T15:17:27.827Z,2025-04-10T15:17:27.827Z
single serve coffee pods,true,amazon,2025-04-10T15:17:27.825Z,2025-04-10T15:17:27.825Z
keurig k-cup,true,amazon,2025-04-10T15:17:27.823Z,2025-04-10T15:17:27.823Z
supplement drink,true,amazon,2025-04-10T15:17:27.822Z,2025-04-10T15:17:27.822Z
medium roast coffee pods,true,amazon,2025-04-10T15:17:27.820Z,2025-04-10T15:17:27.820Z
plant based coffee pods,true,amazon,2025-04-10T15:17:27.819Z,2025-04-10T15:17:27.819Z
organic coffee pods,true,amazon,2025-04-10T15:17:27.816Z,2025-04-10T15:17:27.816Z
compostable coffee pods,true,amazon,2025-04-10T15:17:27.814Z,2025-04-10T15:17:27.814Z
half caff coffee,true,amazon,2025-04-10T15:17:27.812Z,2025-04-10T15:17:27.812Z
ekocups coffee,true,amazon,2025-04-10T15:17:27.810Z,2025-04-10T15:17:27.810Z
detox tea,true,amazon,2025-04-10T15:17:27.808Z,2025-04-10T15:17:27.808Z
caffeine free tea,true,amazon,2025-04-10T15:17:27.806Z,2025-04-10T15:17:27.806Z
dairy free hot chocolate mix,true,amazon,2025-04-10T15:17:27.804Z,2025-04-10T15:17:27.804Z
hot chocolate mix,true,amazon,2025-04-10T15:17:27.802Z,2025-04-10T15:17:27.802Z
instant hot chocolate mix,true,amazon,2025-04-10T15:17:27.800Z,2025-04-10T15:17:27.800Z
non dairy hot chocolate mix,true,amazon,2025-04-10T15:17:27.799Z,2025-04-10T15:17:27.799Z
hot cocoa,true,amazon,2025-04-10T15:17:27.797Z,2025-04-10T15:17:27.797Z
hot cocoa mix,true,amazon,2025-04-10T15:17:27.795Z,2025-04-10T15:17:27.795Z
dairy free chocolate mix,true,amazon,2025-04-10T15:17:27.793Z,2025-04-10T15:17:27.793Z
hot chocolate kcups,true,amazon,2025-04-10T15:17:27.787Z,2025-04-10T15:17:27.787Z
mushroom coffee organic,true,amazon,2025-04-10T15:17:27.784Z,2025-04-10T15:17:27.784Z
chocolate cocoa mix,true,amazon,2025-04-10T15:17:27.782Z,2025-04-10T15:17:27.782Z
dark chocolate mix,true,amazon,2025-04-10T15:17:27.779Z,2025-04-10T15:17:27.779Z
hot chocolate pods,true,amazon,2025-04-10T15:17:27.776Z,2025-04-10T15:17:27.776Z
hot chocolate cups,true,amazon,2025-04-10T15:17:27.773Z,2025-04-10T15:17:27.773Z
gourmet coffee,true,amazon,2025-04-10T15:17:27.769Z,2025-04-10T15:17:27.769Z
tea k-cups,true,amazon,2025-04-10T15:17:27.766Z,2025-04-10T15:17:27.766Z
smooth earl grey tea k cups,true,amazon,2025-04-10T15:17:27.763Z,2025-04-10T15:17:27.763Z
rooibos orange tea k cups,true,amazon,2025-04-10T15:17:27.762Z,2025-04-10T15:17:27.762Z
hibiscus berry & spice tea k cups,true,amazon,2025-04-10T15:17:27.760Z,2025-04-10T15:17:27.760Z
hibiscus berry tea k cups,true,amazon,2025-04-10T15:17:27.756Z,2025-04-10T15:17:27.756Z
herbal mango twist tea k cups,true,amazon,2025-04-10T15:17:27.754Z,2025-04-10T15:17:27.754Z
hot cinnamon spice tea k cups,true,amazon,2025-04-10T15:17:27.751Z,2025-04-10T15:17:27.751Z
hibiscus berry & spice tea,true,amazon,2025-04-10T15:17:27.714Z,2025-04-10T15:17:27.714Z
keurig coffee,true,amazon,2025-04-10T15:17:27.689Z,2025-04-10T15:17:27.689Z
k cups coffee,true,amazon,2025-04-10T15:17:27.684Z,2025-04-10T15:17:27.684Z
cappuccino k cups,true,amazon,2025-04-10T15:17:27.682Z,2025-04-10T15:17:27.682Z
rooibos orange tea,true,amazon,2025-04-10T15:17:27.680Z,2025-04-10T15:17:27.680Z
hot chocolate k cups,true,amazon,2025-04-10T15:17:27.679Z,2025-04-10T15:17:27.679Z
crazy cups k cups,true,amazon,2025-04-10T15:17:27.676Z,2025-04-10T15:17:27.676Z
french vanilla decaf k cups,true,amazon,2025-04-10T15:17:27.674Z,2025-04-10T15:17:27.674Z
half caff coffee k cups,true,amazon,2025-04-10T15:17:27.658Z,2025-04-10T15:17:27.658Z
k cup variety pack,true,amazon,2025-04-10T15:17:27.654Z,2025-04-10T15:17:27.654Z
k-cup coffee pods,true,amazon,2025-04-10T15:17:27.652Z,2025-04-10T15:17:27.652Z
cappuccino k cups for keurig,true,amazon,2025-04-10T15:17:27.651Z,2025-04-10T15:17:27.651Z
decaf hazelnut coffee k cups,true,amazon,2025-04-10T15:17:27.648Z,2025-04-10T15:17:27.648Z
k cups coffee pods,true,amazon,2025-04-10T15:17:27.643Z,2025-04-10T15:17:27.643Z
keurig coffee pods variety pack,true,amazon,2025-04-10T15:17:27.641Z,2025-04-10T15:17:27.641Z
variety coffee k cups,true,amazon,2025-04-10T15:17:27.639Z,2025-04-10T15:17:27.639Z
flavored k cups,true,amazon,2025-04-10T15:17:27.637Z,2025-04-10T15:17:27.637Z
k cups variety pack,true,amazon,2025-04-10T15:17:27.633Z,2025-04-10T15:17:27.633Z
ebt eligible food items,true,amazon,2025-04-10T15:17:27.631Z,2025-04-10T15:17:27.631Z
decaf coffee k cups flavored,true,amazon,2025-04-10T15:17:27.629Z,2025-04-10T15:17:27.629Z
green mountain coffee k cups,true,amazon,2025-04-10T15:17:27.626Z,2025-04-10T15:17:27.626Z
kpods coffee,true,amazon,2025-04-10T15:17:27.623Z,2025-04-10T15:17:27.623Z
decaf flavored coffee pods,true,amazon,2025-04-10T15:17:27.621Z,2025-04-10T15:17:27.621Z
coffee cups with lids,true,amazon,2025-04-10T15:17:27.619Z,2025-04-10T15:17:27.619Z
k cup coffee maker,true,amazon,2025-04-10T15:17:27.617Z,2025-04-10T15:17:27.617Z
blueberry coffee,true,amazon,2025-04-10T15:17:27.615Z,2025-04-10T15:17:27.615Z
coffee cups,true,amazon,2025-04-10T15:17:27.613Z,2025-04-10T15:17:27.613Z
yeti coffee cup,true,amazon,2025-04-10T15:17:27.612Z,2025-04-10T15:17:27.612Z
iced coffee cup,true,amazon,2025-04-10T15:17:27.604Z,2025-04-10T15:17:27.604Z
kcup coffee pods,true,amazon,2025-04-10T15:17:27.603Z,2025-04-10T15:17:27.603Z
iced coffee cups with lids,true,amazon,2025-04-10T15:17:27.601Z,2025-04-10T15:17:27.601Z
coffee cup,true,amazon,2025-04-10T15:17:27.599Z,2025-04-10T15:17:27.599Z
decaf flavored coffee,true,amazon,2025-04-10T15:17:27.597Z,2025-04-10T15:17:27.597Z
donut shop coffee k-cup,true,amazon,2025-04-10T15:17:27.595Z,2025-04-10T15:17:27.595Z
peppermint mocha coffee,true,amazon,2025-04-10T15:17:27.593Z,2025-04-10T15:17:27.593Z
decaf flavored coffee ground,true,amazon,2025-04-10T15:17:27.592Z,2025-04-10T15:17:27.592Z
chocolate coffee,true,amazon,2025-04-10T15:17:27.590Z,2025-04-10T15:17:27.590Z
flavored decaf coffee ground,true,amazon,2025-04-10T15:17:27.587Z,2025-04-10T15:17:27.587Z
white chocolate coffee,true,amazon,2025-04-10T15:17:27.578Z,2025-04-10T15:17:27.578Z
chocolate raspberry coffee,true,amazon,2025-04-10T15:17:27.576Z,2025-04-10T15:17:27.576Z
crazy cups coffee,true,amazon,2025-04-10T15:17:27.574Z,2025-04-10T15:17:27.574Z
decaf coffee flavored,true,amazon,2025-04-10T15:17:27.572Z,2025-04-10T15:17:27.572Z
chocolate coffee ground,true,amazon,2025-04-10T15:17:27.569Z,2025-04-10T15:17:27.569Z
eggnog coffee,true,amazon,2025-04-10T15:17:27.567Z,2025-04-10T15:17:27.567Z
disposable coffee cups with lids,true,amazon,2025-04-10T15:17:27.564Z,2025-04-10T15:17:27.564Z
smooth earl grey tea,true,amazon,2025-04-10T15:17:27.561Z,2025-04-10T15:17:27.561Z
vegan chocolate mix,true,amazon,2025-04-10T15:17:27.558Z,2025-04-10T15:17:27.558Z
hot cinnamon spice tea,true,amazon,2025-04-10T15:17:27.554Z,2025-04-10T15:17:27.554Z
herbal mango twist tea,true,amazon,2025-04-10T15:17:27.549Z,2025-04-10T15:17:27.549Z
flavored ground coffee,true,amazon,2025-04-07T15:36:51.317Z,2025-04-07T15:45:21.847Z
hot chocolate packets,true,amazon,2025-04-07T15:36:51.282Z,2025-04-07T15:36:51.282Z
ground coffee,true,amazon,2025-04-07T15:36:51.264Z,2025-04-07T15:36:51.264Z
flavored decaf coffee,true,amazon,2025-04-07T15:36:51.259Z,2025-04-10T15:17:27.581Z
nespresso pods vertuo,true,amazon,2025-04-07T15:36:51.249Z,2025-04-07T15:45:21.912Z
decaf coffee,true,amazon,2025-04-07T15:36:51.245Z,2025-04-07T15:45:21.826Z
flavored coffee ground,true,amazon,2025-04-07T15:36:51.223Z,2025-04-07T15:45:21.834Z
flavored coffee,true,amazon,2025-04-07T15:35:38.827Z,2025-04-07T15:45:21.841Z
crazy cups decaf,true,amazon,2025-03-25T14:14:23.176Z,2025-04-10T15:17:27.712Z
kcup variety pack,true,amazon,2025-03-25T14:14:23.172Z,2025-04-10T15:17:27.699Z
mushroom coffee,true,amazon,2025-03-25T14:14:23.158Z,2025-04-10T15:17:27.749Z
kcups,true,amazon,2025-03-25T14:14:23.154Z,2025-04-10T15:17:27.748Z
kcups variety pack,true,amazon,2025-03-25T14:14:23.145Z,2025-04-10T15:17:27.738Z
decaf coffee k cups,true,amazon,2025-03-25T14:14:23.135Z,2025-04-10T15:17:27.746Z
k cups,true,amazon,2025-03-25T14:14:23.124Z,2025-04-10T15:17:27.757Z
crazy cups k cups variety pack,true,amazon,2025-03-25T14:14:23.104Z,2025-04-10T15:17:27.736Z
decaf coffee pods,true,amazon,2025-03-25T14:14:23.099Z,2025-04-10T15:17:27.734Z
coffee k cups,true,amazon,2025-03-25T14:14:23.092Z,2025-04-10T15:17:27.740Z
coffee,true,amazon,2025-03-25T14:14:23.084Z,2025-04-10T15:17:27.733Z
k cups coffee variety pack,true,amazon,2025-03-25T14:14:23.078Z,2025-04-10T15:17:27.729Z
dark roast coffee k cups,true,amazon,2025-03-25T14:14:23.059Z,2025-04-10T15:17:27.722Z
keurig,true,amazon,2025-03-25T14:14:23.055Z,2025-04-10T15:17:27.720Z
crazy cups decaf flavored k cups,true,amazon,2025-03-25T14:14:23.050Z,2025-04-10T15:17:27.726Z
k cup coffee pods,true,amazon,2025-03-25T14:14:23.046Z,2025-04-10T15:17:27.718Z
decaf k cups,true,amazon,2025-03-25T14:14:23.037Z,2025-04-10T15:17:27.716Z
keurig hot chocolate pods,true,amazon,2025-03-25T14:14:23.033Z,2025-04-10T15:17:27.724Z
decaf flavored coffee k cups,true,amazon,2025-03-25T14:14:23.027Z,2025-04-10T15:17:27.710Z
hot chocolate,true,amazon,2025-03-25T14:14:23.022Z,2025-04-10T15:17:27.704Z
coffee k cups variety pack,true,amazon,2025-03-25T14:14:23.020Z,2025-04-10T15:17:27.702Z
flavored decaf coffee k cups,true,amazon,2025-03-25T14:14:23.017Z,2025-04-10T15:17:27.889Z
coffee pods dark roast,true,amazon,2025-03-25T14:14:23.005Z,2025-04-10T15:17:27.694Z
keurig coffee pods,true,amazon,2025-03-25T14:14:23.000Z,2025-04-10T15:17:27.697Z
decaf french vanilla coffee k cups,true,amazon,2025-03-25T14:14:22.986Z,2025-04-10T15:17:27.691Z